year,period,periodName,value,footnotes,series_id,latest
1913,M01,January,29.4,[{}],CUUR0000AA0,
1913,M02,February,29.3,[{}],CUUR0000AA0,
1913,M03,March,29.3,[{}],CUUR0000AA0,
1913,M04,April,29.4,[{}],CUUR0000AA0,
1913,M05,May,29.2,[{}],CUUR0000AA0,
1913,M06,June,29.3,[{}],CUUR0000AA0,
1913,M07,July,29.6,[{}],CUUR0000AA0,
1913,M08,August,29.8,[{}],CUUR0000AA0,
1913,M09,September,29.9,[{}],CUUR0000AA0,
1913,M10,October,30.1,[{}],CUUR0000AA0,
1913,M11,November,30.2,[{}],CUUR0000AA0,
1913,M12,December,30.1,[{}],CUUR0000AA0,
1914,M01,January,30.1,[{}],CUUR0000AA0,
1914,M02,February,29.8,[{}],CUUR0000AA0,
1914,M03,March,29.7,[{}],CUUR0000AA0,
1914,M04,April,29.4,[{}],CUUR0000AA0,
1914,M05,May,29.6,[{}],CUUR0000AA0,
1914,M06,June,29.8,[{}],CUUR0000AA0,
1914,M07,July,30.1,[{}],CUUR0000AA0,
1914,M08,August,30.5,[{}],CUUR0000AA0,
1914,M09,September,30.6,[{}],CUUR0000AA0,
1914,M10,October,30.4,[{}],CUUR0000AA0,
1914,M11,November,30.5,[{}],CUUR0000AA0,
1914,M12,December,30.4,[{}],CUUR0000AA0,
1915,M01,January,30.3,[{}],CUUR0000AA0,
1915,M02,February,30.1,[{}],CUUR0000AA0,
1915,M03,March,29.8,[{}],CUUR0000AA0,
1915,M04,April,30.1,[{}],CUUR0000AA0,
1915,M05,May,30.2,[{}],CUUR0000AA0,
1915,M06,June,30.3,[{}],CUUR0000AA0,
1915,M07,July,30.3,[{}],CUUR0000AA0,
1915,M08,August,30.3,[{}],CUUR0000AA0,
1915,M09,September,30.4,[{}],CUUR0000AA0,
1915,M10,October,30.7,[{}],CUUR0000AA0,
1915,M11,November,30.9,[{}],CUUR0000AA0,
1915,M12,December,31.0,[{}],CUUR0000AA0,
1916,M01,January,31.3,[{}],CUUR0000AA0,
1916,M02,February,31.3,[{}],CUUR0000AA0,
1916,M03,March,31.6,[{}],CUUR0000AA0,
1916,M04,April,31.9,[{}],CUUR0000AA0,
1916,M05,May,32.0,[{}],CUUR0000AA0,
1916,M06,June,32.4,[{}],CUUR0000AA0,
1916,M07,July,32.4,[{}],CUUR0000AA0,
1916,M08,August,32.8,[{}],CUUR0000AA0,
1916,M09,September,33.4,[{}],CUUR0000AA0,
1916,M10,October,33.8,[{}],CUUR0000AA0,
1916,M11,November,34.4,[{}],CUUR0000AA0,
1916,M12,December,34.6,[{}],CUUR0000AA0,
1917,M01,January,35.0,[{}],CUUR0000AA0,
1917,M02,February,35.8,[{}],CUUR0000AA0,
1917,M03,March,36.0,[{}],CUUR0000AA0,
1917,M04,April,37.6,[{}],CUUR0000AA0,
1917,M05,May,38.4,[{}],CUUR0000AA0,
1917,M06,June,38.8,[{}],CUUR0000AA0,
1917,M07,July,38.4,[{}],CUUR0000AA0,
1917,M08,August,39.0,[{}],CUUR0000AA0,
1917,M09,September,39.7,[{}],CUUR0000AA0,
1917,M10,October,40.4,[{}],CUUR0000AA0,
1917,M11,November,40.5,[{}],CUUR0000AA0,
1917,M12,December,41.0,[{}],CUUR0000AA0,
1918,M01,January,41.8,[{}],CUUR0000AA0,
1918,M02,February,42.2,[{}],CUUR0000AA0,
1918,M03,March,42.0,[{}],CUUR0000AA0,
1918,M04,April,42.5,[{}],CUUR0000AA0,
1918,M05,May,43.3,[{}],CUUR0000AA0,
1918,M06,June,44.1,[{}],CUUR0000AA0,
1918,M07,July,45.2,[{}],CUUR0000AA0,
1918,M08,August,46.0,[{}],CUUR0000AA0,
1918,M09,September,47.1,[{}],CUUR0000AA0,
1918,M10,October,47.9,[{}],CUUR0000AA0,
1918,M11,November,48.7,[{}],CUUR0000AA0,
1918,M12,December,49.4,[{}],CUUR0000AA0,
1919,M01,January,49.5,[{}],CUUR0000AA0,
1919,M02,February,48.4,[{}],CUUR0000AA0,
1919,M03,March,49.0,[{}],CUUR0000AA0,
1919,M04,April,49.9,[{}],CUUR0000AA0,
1919,M05,May,50.6,[{}],CUUR0000AA0,
1919,M06,June,50.7,[{}],CUUR0000AA0,
1919,M07,July,52.1,[{}],CUUR0000AA0,
1919,M08,August,53.0,[{}],CUUR0000AA0,
1919,M09,September,53.3,[{}],CUUR0000AA0,
1919,M10,October,54.2,[{}],CUUR0000AA0,
1919,M11,November,55.5,[{}],CUUR0000AA0,
1919,M12,December,56.7,[{}],CUUR0000AA0,
1920,M01,January,57.8,[{}],CUUR0000AA0,
1920,M02,February,58.5,[{}],CUUR0000AA0,
1920,M03,March,59.1,[{}],CUUR0000AA0,
1920,M04,April,60.8,[{}],CUUR0000AA0,
1920,M05,May,61.8,[{}],CUUR0000AA0,
1920,M06,June,62.7,[{}],CUUR0000AA0,
1920,M07,July,62.3,[{}],CUUR0000AA0,
1920,M08,August,60.7,[{}],CUUR0000AA0,
1920,M09,September,60.0,[{}],CUUR0000AA0,
1920,M10,October,59.7,[{}],CUUR0000AA0,
1920,M11,November,59.3,[{}],CUUR0000AA0,
1920,M12,December,58.0,[{}],CUUR0000AA0,
1921,M01,January,57.0,[{}],CUUR0000AA0,
1921,M02,February,55.2,[{}],CUUR0000AA0,
1921,M03,March,54.8,[{}],CUUR0000AA0,
1921,M04,April,54.1,[{}],CUUR0000AA0,
1921,M05,May,53.1,[{}],CUUR0000AA0,
1921,M06,June,52.8,[{}],CUUR0000AA0,
1921,M07,July,52.9,[{}],CUUR0000AA0,
1921,M08,August,53.1,[{}],CUUR0000AA0,
1921,M09,September,52.5,[{}],CUUR0000AA0,
1921,M10,October,52.4,[{}],CUUR0000AA0,
1921,M11,November,52.1,[{}],CUUR0000AA0,
1921,M12,December,51.8,[{}],CUUR0000AA0,
1922,M01,January,50.7,[{}],CUUR0000AA0,
1922,M02,February,50.6,[{}],CUUR0000AA0,
1922,M03,March,50.0,[{}],CUUR0000AA0,
1922,M04,April,50.0,[{}],CUUR0000AA0,
1922,M05,May,50.0,[{}],CUUR0000AA0,
1922,M06,June,50.1,[{}],CUUR0000AA0,
1922,M07,July,50.2,[{}],CUUR0000AA0,
1922,M08,August,49.7,[{}],CUUR0000AA0,
1922,M09,September,49.8,[{}],CUUR0000AA0,
1922,M10,October,50.1,[{}],CUUR0000AA0,
1922,M11,November,50.3,[{}],CUUR0000AA0,
1922,M12,December,50.5,[{}],CUUR0000AA0,
1923,M01,January,50.3,[{}],CUUR0000AA0,
1923,M02,February,50.2,[{}],CUUR0000AA0,
1923,M03,March,50.4,[{}],CUUR0000AA0,
1923,M04,April,50.6,[{}],CUUR0000AA0,
1923,M05,May,50.7,[{}],CUUR0000AA0,
1923,M06,June,51.0,[{}],CUUR0000AA0,
1923,M07,July,51.5,[{}],CUUR0000AA0,
1923,M08,August,51.3,[{}],CUUR0000AA0,
1923,M09,September,51.6,[{}],CUUR0000AA0,
1923,M10,October,51.7,[{}],CUUR0000AA0,
1923,M11,November,51.8,[{}],CUUR0000AA0,
1923,M12,December,51.8,[{}],CUUR0000AA0,
1924,M01,January,51.7,[{}],CUUR0000AA0,
1924,M02,February,51.5,[{}],CUUR0000AA0,
1924,M03,March,51.2,[{}],CUUR0000AA0,
1924,M04,April,51.0,[{}],CUUR0000AA0,
1924,M05,May,51.0,[{}],CUUR0000AA0,
1924,M06,June,51.0,[{}],CUUR0000AA0,
1924,M07,July,51.1,[{}],CUUR0000AA0,
1924,M08,August,51.0,[{}],CUUR0000AA0,
1924,M09,September,51.2,[{}],CUUR0000AA0,
1924,M10,October,51.4,[{}],CUUR0000AA0,
1924,M11,November,51.6,[{}],CUUR0000AA0,
1924,M12,December,51.7,[{}],CUUR0000AA0,
1925,M01,January,51.8,[{}],CUUR0000AA0,
1925,M02,February,51.6,[{}],CUUR0000AA0,
1925,M03,March,51.7,[{}],CUUR0000AA0,
1925,M04,April,51.6,[{}],CUUR0000AA0,
1925,M05,May,51.8,[{}],CUUR0000AA0,
1925,M06,June,52.4,[{}],CUUR0000AA0,
1925,M07,July,53.1,[{}],CUUR0000AA0,
1925,M08,August,53.1,[{}],CUUR0000AA0,
1925,M09,September,52.9,[{}],CUUR0000AA0,
1925,M10,October,53.1,[{}],CUUR0000AA0,
1925,M11,November,54.0,[{}],CUUR0000AA0,
1925,M12,December,53.7,[{}],CUUR0000AA0,
1926,M01,January,53.7,[{}],CUUR0000AA0,
1926,M02,February,53.5,[{}],CUUR0000AA0,
1926,M03,March,53.2,[{}],CUUR0000AA0,
1926,M04,April,53.7,[{}],CUUR0000AA0,
1926,M05,May,53.4,[{}],CUUR0000AA0,
1926,M06,June,53.0,[{}],CUUR0000AA0,
1926,M07,July,52.5,[{}],CUUR0000AA0,
1926,M08,August,52.2,[{}],CUUR0000AA0,
1926,M09,September,52.5,[{}],CUUR0000AA0,
1926,M10,October,52.7,[{}],CUUR0000AA0,
1926,M11,November,52.9,[{}],CUUR0000AA0,
1926,M12,December,52.9,[{}],CUUR0000AA0,
1927,M01,January,52.5,[{}],CUUR0000AA0,
1927,M02,February,52.1,[{}],CUUR0000AA0,
1927,M03,March,51.8,[{}],CUUR0000AA0,
1927,M04,April,51.8,[{}],CUUR0000AA0,
1927,M05,May,52.2,[{}],CUUR0000AA0,
1927,M06,June,52.7,[{}],CUUR0000AA0,
1927,M07,July,51.7,[{}],CUUR0000AA0,
1927,M08,August,51.4,[{}],CUUR0000AA0,
1927,M09,September,51.7,[{}],CUUR0000AA0,
1927,M10,October,52.0,[{}],CUUR0000AA0,
1927,M11,November,51.9,[{}],CUUR0000AA0,
1927,M12,December,51.8,[{}],CUUR0000AA0,
1928,M01,January,51.7,[{}],CUUR0000AA0,
1928,M02,February,51.2,[{}],CUUR0000AA0,
1928,M03,March,51.2,[{}],CUUR0000AA0,
1928,M04,April,51.3,[{}],CUUR0000AA0,
1928,M05,May,51.6,[{}],CUUR0000AA0,
1928,M06,June,51.2,[{}],CUUR0000AA0,
1928,M07,July,51.2,[{}],CUUR0000AA0,
1928,M08,August,51.3,[{}],CUUR0000AA0,
1928,M09,September,51.7,[{}],CUUR0000AA0,
1928,M10,October,51.6,[{}],CUUR0000AA0,
1928,M11,November,51.5,[{}],CUUR0000AA0,
1928,M12,December,51.3,[{}],CUUR0000AA0,
1929,M01,January,51.2,[{}],CUUR0000AA0,
1929,M02,February,51.1,[{}],CUUR0000AA0,
1929,M03,March,50.9,[{}],CUUR0000AA0,
1929,M04,April,50.7,[{}],CUUR0000AA0,
1929,M05,May,51.0,[{}],CUUR0000AA0,
1929,M06,June,51.2,[{}],CUUR0000AA0,
1929,M07,July,51.7,[{}],CUUR0000AA0,
1929,M08,August,51.9,[{}],CUUR0000AA0,
1929,M09,September,51.8,[{}],CUUR0000AA0,
1929,M10,October,51.8,[{}],CUUR0000AA0,
1929,M11,November,51.7,[{}],CUUR0000AA0,
1929,M12,December,51.4,[{}],CUUR0000AA0,
1930,M01,January,51.2,[{}],CUUR0000AA0,
1930,M02,February,51.0,[{}],CUUR0000AA0,
1930,M03,March,50.7,[{}],CUUR0000AA0,
1930,M04,April,51.0,[{}],CUUR0000AA0,
1930,M05,May,50.7,[{}],CUUR0000AA0,
1930,M06,June,50.4,[{}],CUUR0000AA0,
1930,M07,July,49.7,[{}],CUUR0000AA0,
1930,M08,August,49.4,[{}],CUUR0000AA0,
1930,M09,September,49.7,[{}],CUUR0000AA0,
1930,M10,October,49.4,[{}],CUUR0000AA0,
1930,M11,November,49.0,[{}],CUUR0000AA0,
1930,M12,December,48.3,[{}],CUUR0000AA0,
1931,M01,January,47.6,[{}],CUUR0000AA0,
1931,M02,February,46.9,[{}],CUUR0000AA0,
1931,M03,March,46.6,[{}],CUUR0000AA0,
1931,M04,April,46.3,[{}],CUUR0000AA0,
1931,M05,May,45.8,[{}],CUUR0000AA0,
1931,M06,June,45.3,[{}],CUUR0000AA0,
1931,M07,July,45.2,[{}],CUUR0000AA0,
1931,M08,August,45.1,[{}],CUUR0000AA0,
1931,M09,September,44.9,[{}],CUUR0000AA0,
1931,M10,October,44.6,[{}],CUUR0000AA0,
1931,M11,November,44.1,[{}],CUUR0000AA0,
1931,M12,December,43.7,[{}],CUUR0000AA0,
1932,M01,January,42.8,[{}],CUUR0000AA0,
1932,M02,February,42.2,[{}],CUUR0000AA0,
1932,M03,March,42.0,[{}],CUUR0000AA0,
1932,M04,April,41.7,[{}],CUUR0000AA0,
1932,M05,May,41.1,[{}],CUUR0000AA0,
1932,M06,June,40.8,[{}],CUUR0000AA0,
1932,M07,July,40.8,[{}],CUUR0000AA0,
1932,M08,August,40.3,[{}],CUUR0000AA0,
1932,M09,September,40.1,[{}],CUUR0000AA0,
1932,M10,October,39.8,[{}],CUUR0000AA0,
1932,M11,November,39.6,[{}],CUUR0000AA0,
1932,M12,December,39.2,[{}],CUUR0000AA0,
1933,M01,January,38.6,[{}],CUUR0000AA0,
1933,M02,February,38.0,[{}],CUUR0000AA0,
1933,M03,March,37.7,[{}],CUUR0000AA0,
1933,M04,April,37.6,[{}],CUUR0000AA0,
1933,M05,May,37.7,[{}],CUUR0000AA0,
1933,M06,June,38.1,[{}],CUUR0000AA0,
1933,M07,July,39.2,[{}],CUUR0000AA0,
1933,M08,August,39.6,[{}],CUUR0000AA0,
1933,M09,September,39.6,[{}],CUUR0000AA0,
1933,M10,October,39.6,[{}],CUUR0000AA0,
1933,M11,November,39.6,[{}],CUUR0000AA0,
1933,M12,December,39.4,[{}],CUUR0000AA0,
1934,M01,January,39.6,[{}],CUUR0000AA0,
1934,M02,February,39.9,[{}],CUUR0000AA0,
1934,M03,March,39.9,[{}],CUUR0000AA0,
1934,M04,April,39.8,[{}],CUUR0000AA0,
1934,M05,May,39.9,[{}],CUUR0000AA0,
1934,M06,June,40.0,[{}],CUUR0000AA0,
1934,M07,July,40.0,[{}],CUUR0000AA0,
1934,M08,August,40.1,[{}],CUUR0000AA0,
1934,M09,September,40.7,[{}],CUUR0000AA0,
1934,M10,October,40.4,[{}],CUUR0000AA0,
1934,M11,November,40.3,[{}],CUUR0000AA0,
1934,M12,December,40.2,[{}],CUUR0000AA0,
1935,M01,January,40.8,[{}],CUUR0000AA0,
1935,M02,February,41.1,[{}],CUUR0000AA0,
1935,M03,March,41.0,[{}],CUUR0000AA0,
1935,M04,April,41.4,[{}],CUUR0000AA0,
1935,M05,May,41.2,[{}],CUUR0000AA0,
1935,M06,June,41.1,[{}],CUUR0000AA0,
1935,M07,July,40.9,[{}],CUUR0000AA0,
1935,M08,August,40.9,[{}],CUUR0000AA0,
1935,M09,September,41.1,[{}],CUUR0000AA0,
1935,M10,October,41.1,[{}],CUUR0000AA0,
1935,M11,November,41.3,[{}],CUUR0000AA0,
1935,M12,December,41.4,[{}],CUUR0000AA0,
1936,M01,January,41.4,[{}],CUUR0000AA0,
1936,M02,February,41.2,[{}],CUUR0000AA0,
1936,M03,March,41.0,[{}],CUUR0000AA0,
1936,M04,April,41.0,[{}],CUUR0000AA0,
1936,M05,May,41.0,[{}],CUUR0000AA0,
1936,M06,June,41.4,[{}],CUUR0000AA0,
1936,M07,July,41.6,[{}],CUUR0000AA0,
1936,M08,August,41.9,[{}],CUUR0000AA0,
1936,M09,September,42.0,[{}],CUUR0000AA0,
1936,M10,October,41.9,[{}],CUUR0000AA0,
1936,M11,November,41.9,[{}],CUUR0000AA0,
1936,M12,December,41.9,[{}],CUUR0000AA0,
1937,M01,January,42.2,[{}],CUUR0000AA0,
1937,M02,February,42.3,[{}],CUUR0000AA0,
1937,M03,March,42.6,[{}],CUUR0000AA0,
1937,M04,April,42.8,[{}],CUUR0000AA0,
1937,M05,May,43.0,[{}],CUUR0000AA0,
1937,M06,June,43.1,[{}],CUUR0000AA0,
1937,M07,July,43.3,[{}],CUUR0000AA0,
1937,M08,August,43.4,[{}],CUUR0000AA0,
1937,M09,September,43.8,[{}],CUUR0000AA0,
1937,M10,October,43.6,[{}],CUUR0000AA0,
1937,M11,November,43.3,[{}],CUUR0000AA0,
1937,M12,December,43.2,[{}],CUUR0000AA0,
1938,M01,January,42.6,[{}],CUUR0000AA0,
1938,M02,February,42.2,[{}],CUUR0000AA0,
1938,M03,March,42.2,[{}],CUUR0000AA0,
1938,M04,April,42.4,[{}],CUUR0000AA0,
1938,M05,May,42.2,[{}],CUUR0000AA0,
1938,M06,June,42.2,[{}],CUUR0000AA0,
1938,M07,July,42.3,[{}],CUUR0000AA0,
1938,M08,August,42.2,[{}],CUUR0000AA0,
1938,M09,September,42.2,[{}],CUUR0000AA0,
1938,M10,October,42.0,[{}],CUUR0000AA0,
1938,M11,November,41.9,[{}],CUUR0000AA0,
1938,M12,December,42.0,[{}],CUUR0000AA0,
1939,M01,January,41.8,[{}],CUUR0000AA0,
1939,M02,February,41.6,[{}],CUUR0000AA0,
1939,M03,March,41.5,[{}],CUUR0000AA0,
1939,M04,April,41.4,[{}],CUUR0000AA0,
1939,M05,May,41.4,[{}],CUUR0000AA0,
1939,M06,June,41.4,[{}],CUUR0000AA0,
1939,M07,July,41.4,[{}],CUUR0000AA0,
1939,M08,August,41.4,[{}],CUUR0000AA0,
1939,M09,September,42.2,[{}],CUUR0000AA0,
1939,M10,October,42.0,[{}],CUUR0000AA0,
1939,M11,November,42.0,[{}],CUUR0000AA0,
1939,M12,December,41.8,[{}],CUUR0000AA0,
1940,M01,January,41.7,[{}],CUUR0000AA0,
1940,M02,February,42.0,[{}],CUUR0000AA0,
1940,M03,March,41.9,[{}],CUUR0000AA0,
1940,M04,April,41.9,[{}],CUUR0000AA0,
1940,M05,May,42.0,[{}],CUUR0000AA0,
1940,M06,June,42.1,[{}],CUUR0000AA0,
1940,M07,July,42.0,[{}],CUUR0000AA0,
1940,M08,August,41.9,[{}],CUUR0000AA0,
1940,M09,September,42.0,[{}],CUUR0000AA0,
1940,M10,October,42.0,[{}],CUUR0000AA0,
1940,M11,November,42.0,[{}],CUUR0000AA0,
1940,M12,December,42.2,[{}],CUUR0000AA0,
1941,M01,January,42.2,[{}],CUUR0000AA0,
1941,M02,February,42.2,[{}],CUUR0000AA0,
1941,M03,March,42.4,[{}],CUUR0000AA0,
1941,M04,April,42.8,[{}],CUUR0000AA0,
1941,M05,May,43.1,[{}],CUUR0000AA0,
1941,M06,June,43.9,[{}],CUUR0000AA0,
1941,M07,July,44.1,[{}],CUUR0000AA0,
1941,M08,August,44.5,[{}],CUUR0000AA0,
1941,M09,September,45.3,[{}],CUUR0000AA0,
1941,M10,October,45.8,[{}],CUUR0000AA0,
1941,M11,November,46.2,[{}],CUUR0000AA0,
1941,M12,December,46.3,[{}],CUUR0000AA0,
1942,M01,January,46.9,[{}],CUUR0000AA0,
1942,M02,February,47.3,[{}],CUUR0000AA0,
1942,M03,March,47.9,[{}],CUUR0000AA0,
1942,M04,April,48.2,[{}],CUUR0000AA0,
1942,M05,May,48.7,[{}],CUUR0000AA0,
1942,M06,June,48.8,[{}],CUUR0000AA0,
1942,M07,July,49.0,[{}],CUUR0000AA0,
1942,M08,August,49.3,[{}],CUUR0000AA0,
1942,M09,September,49.4,[{}],CUUR0000AA0,
1942,M10,October,49.9,[{}],CUUR0000AA0,
1942,M11,November,50.2,[{}],CUUR0000AA0,
1942,M12,December,50.6,[{}],CUUR0000AA0,
1943,M01,January,50.6,[{}],CUUR0000AA0,
1943,M02,February,50.7,[{}],CUUR0000AA0,
1943,M03,March,51.5,[{}],CUUR0000AA0,
1943,M04,April,52.1,[{}],CUUR0000AA0,
1943,M05,May,52.5,[{}],CUUR0000AA0,
1943,M06,June,52.4,[{}],CUUR0000AA0,
1943,M07,July,52.0,[{}],CUUR0000AA0,
1943,M08,August,51.8,[{}],CUUR0000AA0,
1943,M09,September,52.0,[{}],CUUR0000AA0,
1943,M10,October,52.2,[{}],CUUR0000AA0,
1943,M11,November,52.1,[{}],CUUR0000AA0,
1943,M12,December,52.2,[{}],CUUR0000AA0,
1944,M01,January,52.1,[{}],CUUR0000AA0,
1944,M02,February,52.0,[{}],CUUR0000AA0,
1944,M03,March,52.0,[{}],CUUR0000AA0,
1944,M04,April,52.3,[{}],CUUR0000AA0,
1944,M05,May,52.5,[{}],CUUR0000AA0,
1944,M06,June,52.6,[{}],CUUR0000AA0,
1944,M07,July,52.9,[{}],CUUR0000AA0,
1944,M08,August,53.1,[{}],CUUR0000AA0,
1944,M09,September,53.1,[{}],CUUR0000AA0,
1944,M10,October,53.1,[{}],CUUR0000AA0,
1944,M11,November,53.1,[{}],CUUR0000AA0,
1944,M12,December,53.3,[{}],CUUR0000AA0,
1945,M01,January,53.3,[{}],CUUR0000AA0,
1945,M02,February,53.2,[{}],CUUR0000AA0,
1945,M03,March,53.2,[{}],CUUR0000AA0,
1945,M04,April,53.3,[{}],CUUR0000AA0,
1945,M05,May,53.7,[{}],CUUR0000AA0,
1945,M06,June,54.2,[{}],CUUR0000AA0,
1945,M07,July,54.3,[{}],CUUR0000AA0,
1945,M08,August,54.3,[{}],CUUR0000AA0,
1945,M09,September,54.1,[{}],CUUR0000AA0,
1945,M10,October,54.1,[{}],CUUR0000AA0,
1945,M11,November,54.3,[{}],CUUR0000AA0,
1945,M12,December,54.5,[{}],CUUR0000AA0,
1946,M01,January,54.5,[{}],CUUR0000AA0,
1946,M02,February,54.3,[{}],CUUR0000AA0,
1946,M03,March,54.7,[{}],CUUR0000AA0,
1946,M04,April,55.0,[{}],CUUR0000AA0,
1946,M05,May,55.3,[{}],CUUR0000AA0,
1946,M06,June,55.9,[{}],CUUR0000AA0,
1946,M07,July,59.2,[{}],CUUR0000AA0,
1946,M08,August,60.5,[{}],CUUR0000AA0,
1946,M09,September,61.2,[{}],CUUR0000AA0,
1946,M10,October,62.4,[{}],CUUR0000AA0,
1946,M11,November,63.9,[{}],CUUR0000AA0,
1946,M12,December,64.4,[{}],CUUR0000AA0,
1947,M01,January,64.4,[{}],CUUR0000AA0,
1947,M02,February,64.3,[{}],CUUR0000AA0,
1947,M03,March,65.7,[{}],CUUR0000AA0,
1947,M04,April,65.7,[{}],CUUR0000AA0,
1947,M05,May,65.5,[{}],CUUR0000AA0,
1947,M06,June,66.0,[{}],CUUR0000AA0,
1947,M07,July,66.6,[{}],CUUR0000AA0,
1947,M08,August,67.3,[{}],CUUR0000AA0,
1947,M09,September,68.9,[{}],CUUR0000AA0,
1947,M10,October,68.9,[{}],CUUR0000AA0,
1947,M11,November,69.3,[{}],CUUR0000AA0,
1947,M12,December,70.2,[{}],CUUR0000AA0,
1948,M01,January,71.0,[{}],CUUR0000AA0,
1948,M02,February,70.4,[{}],CUUR0000AA0,
1948,M03,March,70.2,[{}],CUUR0000AA0,
1948,M04,April,71.2,[{}],CUUR0000AA0,
1948,M05,May,71.7,[{}],CUUR0000AA0,
1948,M06,June,72.2,[{}],CUUR0000AA0,
1948,M07,July,73.1,[{}],CUUR0000AA0,
1948,M08,August,73.4,[{}],CUUR0000AA0,
1948,M09,September,73.4,[{}],CUUR0000AA0,
1948,M10,October,73.1,[{}],CUUR0000AA0,
1948,M11,November,72.6,[{}],CUUR0000AA0,
1948,M12,December,72.1,[{}],CUUR0000AA0,
1949,M01,January,72.0,[{}],CUUR0000AA0,
1949,M02,February,71.2,[{}],CUUR0000AA0,
1949,M03,March,71.4,[{}],CUUR0000AA0,
1949,M04,April,71.5,[{}],CUUR0000AA0,
1949,M05,May,71.4,[{}],CUUR0000AA0,
1949,M06,June,71.5,[{}],CUUR0000AA0,
1949,M07,July,71.0,[{}],CUUR0000AA0,
1949,M08,August,71.2,[{}],CUUR0000AA0,
1949,M09,September,71.5,[{}],CUUR0000AA0,
1949,M10,October,71.1,[{}],CUUR0000AA0,
1949,M11,November,71.2,[{}],CUUR0000AA0,
1949,M12,December,70.8,[{}],CUUR0000AA0,
1950,M01,January,70.5,[{}],CUUR0000AA0,
1950,M02,February,70.3,[{}],CUUR0000AA0,
1950,M03,March,70.6,[{}],CUUR0000AA0,
1950,M04,April,70.7,[{}],CUUR0000AA0,
1950,M05,May,71.0,[{}],CUUR0000AA0,
1950,M06,June,71.4,[{}],CUUR0000AA0,
1950,M07,July,72.1,[{}],CUUR0000AA0,
1950,M08,August,72.7,[{}],CUUR0000AA0,
1950,M09,September,73.2,[{}],CUUR0000AA0,
1950,M10,October,73.6,[{}],CUUR0000AA0,
1950,M11,November,73.9,[{}],CUUR0000AA0,
1950,M12,December,74.9,[{}],CUUR0000AA0,
1951,M01,January,76.1,[{}],CUUR0000AA0,
1951,M02,February,77.0,[{}],CUUR0000AA0,
1951,M03,March,77.3,[{}],CUUR0000AA0,
1951,M04,April,77.4,[{}],CUUR0000AA0,
1951,M05,May,77.7,[{}],CUUR0000AA0,
1951,M06,June,77.6,[{}],CUUR0000AA0,
1951,M07,July,77.7,[{}],CUUR0000AA0,
1951,M08,August,77.7,[{}],CUUR0000AA0,
1951,M09,September,78.2,[{}],CUUR0000AA0,
1951,M10,October,78.6,[{}],CUUR0000AA0,
1951,M11,November,79.0,[{}],CUUR0000AA0,
1951,M12,December,79.3,[{}],CUUR0000AA0,
1952,M01,January,79.3,[{}],CUUR0000AA0,
1952,M02,February,78.8,[{}],CUUR0000AA0,
1952,M03,March,78.8,[{}],CUUR0000AA0,
1952,M04,April,79.1,[{}],CUUR0000AA0,
1952,M05,May,79.2,[{}],CUUR0000AA0,
1952,M06,June,79.4,[{}],CUUR0000AA0,
1952,M07,July,80.0,[{}],CUUR0000AA0,
1952,M08,August,80.1,[{}],CUUR0000AA0,
1952,M09,September,80.0,[{}],CUUR0000AA0,
1952,M10,October,80.1,[{}],CUUR0000AA0,
1952,M11,November,80.1,[{}],CUUR0000AA0,
1952,M12,December,80.0,[{}],CUUR0000AA0,
1953,M01,January,79.8,[{}],CUUR0000AA0,
1953,M02,February,79.4,[{}],CUUR0000AA0,
1953,M03,March,79.6,[{}],CUUR0000AA0,
1953,M04,April,79.7,[{}],CUUR0000AA0,
1953,M05,May,79.9,[{}],CUUR0000AA0,
1953,M06,June,80.2,[{}],CUUR0000AA0,
1953,M07,July,80.4,[{}],CUUR0000AA0,
1953,M08,August,80.6,[{}],CUUR0000AA0,
1953,M09,September,80.7,[{}],CUUR0000AA0,
1953,M10,October,80.9,[{}],CUUR0000AA0,
1953,M11,November,80.6,[{}],CUUR0000AA0,
1953,M12,December,80.5,[{}],CUUR0000AA0,
1954,M01,January,80.7,[{}],CUUR0000AA0,
1954,M02,February,80.6,[{}],CUUR0000AA0,
1954,M03,March,80.5,[{}],CUUR0000AA0,
1954,M04,April,80.3,[{}],CUUR0000AA0,
1954,M05,May,80.6,[{}],CUUR0000AA0,
1954,M06,June,80.7,[{}],CUUR0000AA0,
1954,M07,July,80.7,[{}],CUUR0000AA0,
1954,M08,August,80.6,[{}],CUUR0000AA0,
1954,M09,September,80.4,[{}],CUUR0000AA0,
1954,M10,October,80.2,[{}],CUUR0000AA0,
1954,M11,November,80.3,[{}],CUUR0000AA0,
1954,M12,December,80.1,[{}],CUUR0000AA0,
1955,M01,January,80.1,[{}],CUUR0000AA0,
1955,M02,February,80.1,[{}],CUUR0000AA0,
1955,M03,March,80.1,[{}],CUUR0000AA0,
1955,M04,April,80.1,[{}],CUUR0000AA0,
1955,M05,May,80.1,[{}],CUUR0000AA0,
1955,M06,June,80.1,[{}],CUUR0000AA0,
1955,M07,July,80.4,[{}],CUUR0000AA0,
1955,M08,August,80.2,[{}],CUUR0000AA0,
1955,M09,September,80.5,[{}],CUUR0000AA0,
1955,M10,October,80.5,[{}],CUUR0000AA0,
1955,M11,November,80.6,[{}],CUUR0000AA0,
1955,M12,December,80.4,[{}],CUUR0000AA0,
1956,M01,January,80.3,[{}],CUUR0000AA0,
1956,M02,February,80.3,[{}],CUUR0000AA0,
1956,M03,March,80.4,[{}],CUUR0000AA0,
1956,M04,April,80.5,[{}],CUUR0000AA0,
1956,M05,May,80.9,[{}],CUUR0000AA0,
1956,M06,June,81.4,[{}],CUUR0000AA0,
1956,M07,July,82.0,[{}],CUUR0000AA0,
1956,M08,August,81.9,[{}],CUUR0000AA0,
1956,M09,September,82.0,[{}],CUUR0000AA0,
1956,M10,October,82.5,[{}],CUUR0000AA0,
1956,M11,November,82.5,[{}],CUUR0000AA0,
1956,M12,December,82.7,[{}],CUUR0000AA0,
1957,M01,January,82.8,[{}],CUUR0000AA0,
1957,M02,February,83.1,[{}],CUUR0000AA0,
1957,M03,March,83.3,[{}],CUUR0000AA0,
1957,M04,April,83.6,[{}],CUUR0000AA0,
1957,M05,May,83.8,[{}],CUUR0000AA0,
1957,M06,June,84.3,[{}],CUUR0000AA0,
1957,M07,July,84.7,[{}],CUUR0000AA0,
1957,M08,August,84.8,[{}],CUUR0000AA0,
1957,M09,September,84.9,[{}],CUUR0000AA0,
1957,M10,October,84.9,[{}],CUUR0000AA0,
1957,M11,November,85.2,[{}],CUUR0000AA0,
1957,M12,December,85.2,[{}],CUUR0000AA0,
1958,M01,January,85.7,[{}],CUUR0000AA0,
1958,M02,February,85.8,[{}],CUUR0000AA0,
1958,M03,March,86.4,[{}],CUUR0000AA0,
1958,M04,April,86.6,[{}],CUUR0000AA0,
1958,M05,May,86.6,[{}],CUUR0000AA0,
1958,M06,June,86.7,[{}],CUUR0000AA0,
1958,M07,July,86.8,[{}],CUUR0000AA0,
1958,M08,August,86.7,[{}],CUUR0000AA0,
1958,M09,September,86.7,[{}],CUUR0000AA0,
1958,M10,October,86.7,[{}],CUUR0000AA0,
1958,M11,November,86.8,[{}],CUUR0000AA0,
1958,M12,December,86.7,[{}],CUUR0000AA0,
1959,M01,January,86.8,[{}],CUUR0000AA0,
1959,M02,February,86.7,[{}],CUUR0000AA0,
1959,M03,March,86.7,[{}],CUUR0000AA0,
1959,M04,April,86.8,[{}],CUUR0000AA0,
1959,M05,May,86.9,[{}],CUUR0000AA0,
1959,M06,June,87.3,[{}],CUUR0000AA0,
1959,M07,July,87.5,[{}],CUUR0000AA0,
1959,M08,August,87.4,[{}],CUUR0000AA0,
1959,M09,September,87.7,[{}],CUUR0000AA0,
1959,M10,October,88.0,[{}],CUUR0000AA0,
1959,M11,November,88.0,[{}],CUUR0000AA0,
1959,M12,December,88.0,[{}],CUUR0000AA0,
1960,M01,January,87.9,[{}],CUUR0000AA0,
1960,M02,February,88.0,[{}],CUUR0000AA0,
1960,M03,March,88.0,[{}],CUUR0000AA0,
1960,M04,April,88.5,[{}],CUUR0000AA0,
1960,M05,May,88.5,[{}],CUUR0000AA0,
1960,M06,June,88.7,[{}],CUUR0000AA0,
1960,M07,July,88.7,[{}],CUUR0000AA0,
1960,M08,August,88.7,[{}],CUUR0000AA0,
1960,M09,September,88.8,[{}],CUUR0000AA0,
1960,M10,October,89.2,[{}],CUUR0000AA0,
1960,M11,November,89.3,[{}],CUUR0000AA0,
1960,M12,December,89.3,[{}],CUUR0000AA0,
1961,M01,January,89.3,[{}],CUUR0000AA0,
1961,M02,February,89.3,[{}],CUUR0000AA0,
1961,M03,March,89.3,[{}],CUUR0000AA0,
1961,M04,April,89.3,[{}],CUUR0000AA0,
1961,M05,May,89.3,[{}],CUUR0000AA0,
1961,M06,June,89.4,[{}],CUUR0000AA0,
1961,M07,July,89.8,[{}],CUUR0000AA0,
1961,M08,August,89.7,[{}],CUUR0000AA0,
1961,M09,September,89.9,[{}],CUUR0000AA0,
1961,M10,October,89.9,[{}],CUUR0000AA0,
1961,M11,November,89.9,[{}],CUUR0000AA0,
1961,M12,December,89.9,[{}],CUUR0000AA0,
1962,M01,January,89.9,[{}],CUUR0000AA0,
1962,M02,February,90.1,[{}],CUUR0000AA0,
1962,M03,March,90.3,[{}],CUUR0000AA0,
1962,M04,April,90.5,[{}],CUUR0000AA0,
1962,M05,May,90.5,[{}],CUUR0000AA0,
1962,M06,June,90.5,[{}],CUUR0000AA0,
1962,M07,July,90.7,[{}],CUUR0000AA0,
1962,M08,August,90.7,[{}],CUUR0000AA0,
1962,M09,September,91.2,[{}],CUUR0000AA0,
1962,M10,October,91.1,[{}],CUUR0000AA0,
1962,M11,November,91.1,[{}],CUUR0000AA0,
1962,M12,December,91.0,[{}],CUUR0000AA0,
1963,M01,January,91.1,[{}],CUUR0000AA0,
1963,M02,February,91.2,[{}],CUUR0000AA0,
1963,M03,March,91.3,[{}],CUUR0000AA0,
1963,M04,April,91.3,[{}],CUUR0000AA0,
1963,M05,May,91.3,[{}],CUUR0000AA0,
1963,M06,June,91.7,[{}],CUUR0000AA0,
1963,M07,July,92.1,[{}],CUUR0000AA0,
1963,M08,August,92.1,[{}],CUUR0000AA0,
1963,M09,September,92.1,[{}],CUUR0000AA0,
1963,M10,October,92.2,[{}],CUUR0000AA0,
1963,M11,November,92.3,[{}],CUUR0000AA0,
1963,M12,December,92.5,[{}],CUUR0000AA0,
1964,M01,January,92.6,[{}],CUUR0000AA0,
1964,M02,February,92.5,[{}],CUUR0000AA0,
1964,M03,March,92.6,[{}],CUUR0000AA0,
1964,M04,April,92.7,[{}],CUUR0000AA0,
1964,M05,May,92.7,[{}],CUUR0000AA0,
1964,M06,June,92.9,[{}],CUUR0000AA0,
1964,M07,July,93.1,[{}],CUUR0000AA0,
1964,M08,August,93.0,[{}],CUUR0000AA0,
1964,M09,September,93.2,[{}],CUUR0000AA0,
1964,M10,October,93.3,[{}],CUUR0000AA0,
1964,M11,November,93.5,[{}],CUUR0000AA0,
1964,M12,December,93.6,[{}],CUUR0000AA0,
1965,M01,January,93.6,[{}],CUUR0000AA0,
1965,M02,February,93.6,[{}],CUUR0000AA0,
1965,M03,March,93.7,[{}],CUUR0000AA0,
1965,M04,April,94.0,[{}],CUUR0000AA0,
1965,M05,May,94.2,[{}],CUUR0000AA0,
1965,M06,June,94.7,[{}],CUUR0000AA0,
1965,M07,July,94.8,[{}],CUUR0000AA0,
1965,M08,August,94.6,[{}],CUUR0000AA0,
1965,M09,September,94.8,[{}],CUUR0000AA0,
1965,M10,October,94.9,[{}],CUUR0000AA0,
1965,M11,November,95.1,[{}],CUUR0000AA0,
1965,M12,December,95.4,[{}],CUUR0000AA0,
1966,M01,January,95.4,[{}],CUUR0000AA0,
1966,M02,February,96.0,[{}],CUUR0000AA0,
1966,M03,March,96.3,[{}],CUUR0000AA0,
1966,M04,April,96.7,[{}],CUUR0000AA0,
1966,M05,May,96.8,[{}],CUUR0000AA0,
1966,M06,June,97.1,[{}],CUUR0000AA0,
1966,M07,July,97.4,[{}],CUUR0000AA0,
1966,M08,August,97.9,[{}],CUUR0000AA0,
1966,M09,September,98.1,[{}],CUUR0000AA0,
1966,M10,October,98.5,[{}],CUUR0000AA0,
1966,M11,November,98.5,[{}],CUUR0000AA0,
1966,M12,December,98.6,[{}],CUUR0000AA0,
1967,M01,January,98.6,[{}],CUUR0000AA0,
1967,M02,February,98.7,[{}],CUUR0000AA0,
1967,M03,March,98.9,[{}],CUUR0000AA0,
1967,M04,April,99.1,[{}],CUUR0000AA0,
1967,M05,May,99.4,[{}],CUUR0000AA0,
1967,M06,June,99.7,[{}],CUUR0000AA0,
1967,M07,July,100.2,[{}],CUUR0000AA0,
1967,M08,August,100.5,[{}],CUUR0000AA0,
1967,M09,September,100.7,[{}],CUUR0000AA0,
1967,M10,October,101.0,[{}],CUUR0000AA0,
1967,M11,November,101.3,[{}],CUUR0000AA0,
1967,M12,December,101.6,[{}],CUUR0000AA0,
1968,M01,January,102.0,[{}],CUUR0000AA0,
1968,M02,February,102.3,[{}],CUUR0000AA0,
1968,M03,March,102.8,[{}],CUUR0000AA0,
1968,M04,April,103.1,[{}],CUUR0000AA0,
1968,M05,May,103.4,[{}],CUUR0000AA0,
1968,M06,June,104.0,[{}],CUUR0000AA0,
1968,M07,July,104.5,[{}],CUUR0000AA0,
1968,M08,August,104.8,[{}],CUUR0000AA0,
1968,M09,September,105.1,[{}],CUUR0000AA0,
1968,M10,October,105.7,[{}],CUUR0000AA0,
1968,M11,November,106.1,[{}],CUUR0000AA0,
1968,M12,December,106.4,[{}],CUUR0000AA0,
1969,M01,January,106.7,[{}],CUUR0000AA0,
1969,M02,February,107.1,[{}],CUUR0000AA0,
1969,M03,March,108.0,[{}],CUUR0000AA0,
1969,M04,April,108.7,[{}],CUUR0000AA0,
1969,M05,May,109.0,[{}],CUUR0000AA0,
1969,M06,June,109.7,[{}],CUUR0000AA0,
1969,M07,July,110.2,[{}],CUUR0000AA0,
1969,M08,August,110.7,[{}],CUUR0000AA0,
1969,M09,September,111.2,[{}],CUUR0000AA0,
1969,M10,October,111.6,[{}],CUUR0000AA0,
1969,M11,November,112.2,[{}],CUUR0000AA0,
1969,M12,December,112.9,[{}],CUUR0000AA0,
1970,M01,January,113.3,[{}],CUUR0000AA0,
1970,M02,February,113.9,[{}],CUUR0000AA0,
1970,M03,March,114.5,[{}],CUUR0000AA0,
1970,M04,April,115.2,[{}],CUUR0000AA0,
1970,M05,May,115.7,[{}],CUUR0000AA0,
1970,M06,June,116.3,[{}],CUUR0000AA0,
1970,M07,July,116.7,[{}],CUUR0000AA0,
1970,M08,August,116.9,[{}],CUUR0000AA0,
1970,M09,September,117.5,[{}],CUUR0000AA0,
1970,M10,October,118.1,[{}],CUUR0000AA0,
1970,M11,November,118.5,[{}],CUUR0000AA0,
1970,M12,December,119.1,[{}],CUUR0000AA0,
1971,M01,January,119.2,[{}],CUUR0000AA0,
1971,M02,February,119.4,[{}],CUUR0000AA0,
1971,M03,March,119.8,[{}],CUUR0000AA0,
1971,M04,April,120.2,[{}],CUUR0000AA0,
1971,M05,May,120.8,[{}],CUUR0000AA0,
1971,M06,June,121.5,[{}],CUUR0000AA0,
1971,M07,July,121.8,[{}],CUUR0000AA0,
1971,M08,August,122.1,[{}],CUUR0000AA0,
1971,M09,September,122.2,[{}],CUUR0000AA0,
1971,M10,October,122.4,[{}],CUUR0000AA0,
1971,M11,November,122.6,[{}],CUUR0000AA0,
1971,M12,December,123.1,[{}],CUUR0000AA0,
1972,M01,January,123.2,[{}],CUUR0000AA0,
1972,M02,February,123.8,[{}],CUUR0000AA0,
1972,M03,March,124.0,[{}],CUUR0000AA0,
1972,M04,April,124.3,[{}],CUUR0000AA0,
1972,M05,May,124.7,[{}],CUUR0000AA0,
1972,M06,June,125.0,[{}],CUUR0000AA0,
1972,M07,July,125.5,[{}],CUUR0000AA0,
1972,M08,August,125.7,[{}],CUUR0000AA0,
1972,M09,September,126.2,[{}],CUUR0000AA0,
1972,M10,October,126.6,[{}],CUUR0000AA0,
1972,M11,November,126.9,[{}],CUUR0000AA0,
1972,M12,December,127.3,[{}],CUUR0000AA0,
1973,M01,January,127.7,[{}],CUUR0000AA0,
1973,M02,February,128.6,[{}],CUUR0000AA0,
1973,M03,March,129.8,[{}],CUUR0000AA0,
1973,M04,April,130.7,[{}],CUUR0000AA0,
1973,M05,May,131.5,[{}],CUUR0000AA0,
1973,M06,June,132.4,[{}],CUUR0000AA0,
1973,M07,July,132.7,[{}],CUUR0000AA0,
1973,M08,August,135.1,[{}],CUUR0000AA0,
1973,M09,September,135.5,[{}],CUUR0000AA0,
1973,M10,October,136.6,[{}],CUUR0000AA0,
1973,M11,November,137.6,[{}],CUUR0000AA0,
1973,M12,December,138.5,[{}],CUUR0000AA0,
1974,M01,January,139.7,[{}],CUUR0000AA0,
1974,M02,February,141.5,[{}],CUUR0000AA0,
1974,M03,March,143.1,[{}],CUUR0000AA0,
1974,M04,April,143.9,[{}],CUUR0000AA0,
1974,M05,May,145.5,[{}],CUUR0000AA0,
1974,M06,June,146.9,[{}],CUUR0000AA0,
1974,M07,July,148.0,[{}],CUUR0000AA0,
1974,M08,August,149.9,[{}],CUUR0000AA0,
1974,M09,September,151.7,[{}],CUUR0000AA0,
1974,M10,October,153.0,[{}],CUUR0000AA0,
1974,M11,November,154.3,[{}],CUUR0000AA0,
1974,M12,December,155.4,[{}],CUUR0000AA0,
1975,M01,January,156.1,[{}],CUUR0000AA0,
1975,M02,February,157.2,[{}],CUUR0000AA0,
1975,M03,March,157.8,[{}],CUUR0000AA0,
1975,M04,April,158.6,[{}],CUUR0000AA0,
1975,M05,May,159.3,[{}],CUUR0000AA0,
1975,M06,June,160.6,[{}],CUUR0000AA0,
1975,M07,July,162.3,[{}],CUUR0000AA0,
1975,M08,August,162.8,[{}],CUUR0000AA0,
1975,M09,September,163.6,[{}],CUUR0000AA0,
1975,M10,October,164.6,[{}],CUUR0000AA0,
1975,M11,November,165.6,[{}],CUUR0000AA0,
1975,M12,December,166.3,[{}],CUUR0000AA0,
1976,M01,January,166.7,[{}],CUUR0000AA0,
1976,M02,February,167.1,[{}],CUUR0000AA0,
1976,M03,March,167.5,[{}],CUUR0000AA0,
1976,M04,April,168.2,[{}],CUUR0000AA0,
1976,M05,May,169.2,[{}],CUUR0000AA0,
1976,M06,June,170.1,[{}],CUUR0000AA0,
1976,M07,July,171.1,[{}],CUUR0000AA0,
1976,M08,August,171.9,[{}],CUUR0000AA0,
1976,M09,September,172.6,[{}],CUUR0000AA0,
1976,M10,October,173.3,[{}],CUUR0000AA0,
1976,M11,November,173.8,[{}],CUUR0000AA0,
1976,M12,December,174.3,[{}],CUUR0000AA0,
1977,M01,January,175.3,[{}],CUUR0000AA0,
1977,M02,February,177.1,[{}],CUUR0000AA0,
1977,M03,March,178.2,[{}],CUUR0000AA0,
1977,M04,April,179.6,[{}],CUUR0000AA0,
1977,M05,May,180.6,[{}],CUUR0000AA0,
1977,M06,June,181.8,[{}],CUUR0000AA0,
1977,M07,July,182.6,[{}],CUUR0000AA0,
1977,M08,August,183.3,[{}],CUUR0000AA0,
1977,M09,September,184.0,[{}],CUUR0000AA0,
1977,M10,October,184.5,[{}],CUUR0000AA0,
1977,M11,November,185.4,[{}],CUUR0000AA0,
1977,M12,December,186.1,[{}],CUUR0000AA0,
1978,M01,January,187.2,[{}],CUUR0000AA0,
1978,M02,February,188.4,[{}],CUUR0000AA0,
1978,M03,March,189.8,[{}],CUUR0000AA0,
1978,M04,April,191.5,[{}],CUUR0000AA0,
1978,M05,May,193.3,[{}],CUUR0000AA0,
1978,M06,June,195.3,[{}],CUUR0000AA0,
1978,M07,July,196.7,[{}],CUUR0000AA0,
1978,M08,August,197.8,[{}],CUUR0000AA0,
1978,M09,September,199.3,[{}],CUUR0000AA0,
1978,M10,October,200.9,[{}],CUUR0000AA0,
1978,M11,November,202.0,[{}],CUUR0000AA0,
1978,M12,December,202.9,[{}],CUUR0000AA0,
1979,M01,January,204.7,[{}],CUUR0000AA0,
1979,M02,February,207.1,[{}],CUUR0000AA0,
1979,M03,March,209.1,[{}],CUUR0000AA0,
1979,M04,April,211.5,[{}],CUUR0000AA0,
1979,M05,May,214.1,[{}],CUUR0000AA0,
1979,M06,June,216.6,[{}],CUUR0000AA0,
1979,M07,July,218.9,[{}],CUUR0000AA0,
1979,M08,August,221.1,[{}],CUUR0000AA0,
1979,M09,September,223.4,[{}],CUUR0000AA0,
1979,M10,October,225.4,[{}],CUUR0000AA0,
1979,M11,November,227.5,[{}],CUUR0000AA0,
1979,M12,December,229.9,[{}],CUUR0000AA0,
1980,M01,January,233.2,[{}],CUUR0000AA0,
1980,M02,February,236.4,[{}],CUUR0000AA0,
1980,M03,March,239.8,[{}],CUUR0000AA0,
1980,M04,April,242.5,[{}],CUUR0000AA0,
1980,M05,May,244.9,[{}],CUUR0000AA0,
1980,M06,June,247.6,[{}],CUUR0000AA0,
1980,M07,July,247.8,[{}],CUUR0000AA0,
1980,M08,August,249.4,[{}],CUUR0000AA0,
1980,M09,September,251.7,[{}],CUUR0000AA0,
1980,M10,October,253.9,[{}],CUUR0000AA0,
1980,M11,November,256.2,[{}],CUUR0000AA0,
1980,M12,December,258.4,[{}],CUUR0000AA0,
1981,M01,January,260.5,[{}],CUUR0000AA0,
1981,M02,February,263.2,[{}],CUUR0000AA0,
1981,M03,March,265.1,[{}],CUUR0000AA0,
1981,M04,April,266.8,[{}],CUUR0000AA0,
1981,M05,May,269.0,[{}],CUUR0000AA0,
1981,M06,June,271.3,[{}],CUUR0000AA0,
1981,M07,July,274.4,[{}],CUUR0000AA0,
1981,M08,August,276.5,[{}],CUUR0000AA0,
1981,M09,September,279.3,[{}],CUUR0000AA0,
1981,M10,October,279.9,[{}],CUUR0000AA0,
1981,M11,November,280.7,[{}],CUUR0000AA0,
1981,M12,December,281.5,[{}],CUUR0000AA0,
1982,M01,January,282.5,[{}],CUUR0000AA0,
1982,M02,February,283.4,[{}],CUUR0000AA0,
1982,M03,March,283.1,[{}],CUUR0000AA0,
1982,M04,April,284.3,[{}],CUUR0000AA0,
1982,M05,May,287.1,[{}],CUUR0000AA0,
1982,M06,June,290.6,[{}],CUUR0000AA0,
1982,M07,July,292.2,[{}],CUUR0000AA0,
1982,M08,August,292.8,[{}],CUUR0000AA0,
1982,M09,September,293.3,[{}],CUUR0000AA0,
1982,M10,October,294.1,[{}],CUUR0000AA0,
1982,M11,November,293.6,[{}],CUUR0000AA0,
1982,M12,December,292.4,[{}],CUUR0000AA0,
1983,M01,January,293.1,[{}],CUUR0000AA0,
1983,M02,February,293.2,[{}],CUUR0000AA0,
1983,M03,March,293.4,[{}],CUUR0000AA0,
1983,M04,April,295.5,[{}],CUUR0000AA0,
1983,M05,May,297.1,[{}],CUUR0000AA0,
1983,M06,June,298.1,[{}],CUUR0000AA0,
1983,M07,July,299.3,[{}],CUUR0000AA0,
1983,M08,August,300.3,[{}],CUUR0000AA0,
1983,M09,September,301.8,[{}],CUUR0000AA0,
1983,M10,October,302.6,[{}],CUUR0000AA0,
1983,M11,November,303.1,[{}],CUUR0000AA0,
1983,M12,December,303.5,[{}],CUUR0000AA0,
1984,M01,January,305.2,[{}],CUUR0000AA0,
1984,M02,February,306.6,[{}],CUUR0000AA0,
1984,M03,March,307.3,[{}],CUUR0000AA0,
1984,M04,April,308.8,[{}],CUUR0000AA0,
1984,M05,May,309.7,[{}],CUUR0000AA0,
1984,M06,June,310.7,[{}],CUUR0000AA0,
1984,M07,July,311.7,[{}],CUUR0000AA0,
1984,M08,August,313.0,[{}],CUUR0000AA0,
1984,M09,September,314.5,[{}],CUUR0000AA0,
1984,M10,October,315.3,[{}],CUUR0000AA0,
1984,M11,November,315.3,[{}],CUUR0000AA0,
1984,M12,December,315.5,[{}],CUUR0000AA0,
1985,M01,January,316.1,[{}],CUUR0000AA0,
1985,M02,February,317.4,[{}],CUUR0000AA0,
1985,M03,March,318.8,[{}],CUUR0000AA0,
1985,M04,April,320.1,[{}],CUUR0000AA0,
1985,M05,May,321.3,[{}],CUUR0000AA0,
1985,M06,June,322.3,[{}],CUUR0000AA0,
1985,M07,July,322.8,[{}],CUUR0000AA0,
1985,M08,August,323.5,[{}],CUUR0000AA0,
1985,M09,September,324.5,[{}],CUUR0000AA0,
1985,M10,October,325.5,[{}],CUUR0000AA0,
1985,M11,November,326.6,[{}],CUUR0000AA0,
1985,M12,December,327.4,[{}],CUUR0000AA0,
1986,M01,January,328.4,[{}],CUUR0000AA0,
1986,M02,February,327.5,[{}],CUUR0000AA0,
1986,M03,March,326.0,[{}],CUUR0000AA0,
1986,M04,April,325.3,[{}],CUUR0000AA0,
1986,M05,May,326.3,[{}],CUUR0000AA0,
1986,M06,June,327.9,[{}],CUUR0000AA0,
1986,M07,July,328.0,[{}],CUUR0000AA0,
1986,M08,August,328.6,[{}],CUUR0000AA0,
1986,M09,September,330.2,[{}],CUUR0000AA0,
1986,M10,October,330.5,[{}],CUUR0000AA0,
1986,M11,November,330.8,[{}],CUUR0000AA0,
1986,M12,December,331.1,[{}],CUUR0000AA0,
1987,M01,January,333.1,[{}],CUUR0000AA0,
1987,M02,February,334.4,[{}],CUUR0000AA0,
1987,M03,March,335.9,[{}],CUUR0000AA0,
1987,M04,April,337.7,[{}],CUUR0000AA0,
1987,M05,May,338.7,[{}],CUUR0000AA0,
1987,M06,June,340.1,[{}],CUUR0000AA0,
1987,M07,July,340.8,[{}],CUUR0000AA0,
1987,M08,August,342.7,[{}],CUUR0000AA0,
1987,M09,September,344.4,[{}],CUUR0000AA0,
1987,M10,October,345.3,[{}],CUUR0000AA0,
1987,M11,November,345.8,[{}],CUUR0000AA0,
1987,M12,December,345.7,[{}],CUUR0000AA0,
1988,M01,January,346.7,[{}],CUUR0000AA0,
1988,M02,February,347.4,[{}],CUUR0000AA0,
1988,M03,March,349.0,[{}],CUUR0000AA0,
1988,M04,April,350.8,[{}],CUUR0000AA0,
1988,M05,May,352.0,[{}],CUUR0000AA0,
1988,M06,June,353.5,[{}],CUUR0000AA0,
1988,M07,July,354.9,[{}],CUUR0000AA0,
1988,M08,August,356.6,[{}],CUUR0000AA0,
1988,M09,September,358.9,[{}],CUUR0000AA0,
1988,M10,October,360.1,[{}],CUUR0000AA0,
1988,M11,November,360.5,[{}],CUUR0000AA0,
1988,M12,December,360.9,[{}],CUUR0000AA0,
1989,M01,January,362.7,[{}],CUUR0000AA0,
1989,M02,February,364.1,[{}],CUUR0000AA0,
1989,M03,March,366.2,[{}],CUUR0000AA0,
1989,M04,April,368.8,[{}],CUUR0000AA0,
1989,M05,May,370.8,[{}],CUUR0000AA0,
1989,M06,June,371.7,[{}],CUUR0000AA0,
1989,M07,July,372.7,[{}],CUUR0000AA0,
1989,M08,August,373.1,[{}],CUUR0000AA0,
1989,M09,September,374.6,[{}],CUUR0000AA0,
1989,M10,October,376.2,[{}],CUUR0000AA0,
1989,M11,November,377.0,[{}],CUUR0000AA0,
1989,M12,December,377.6,[{}],CUUR0000AA0,
1990,M01,January,381.5,[{}],CUUR0000AA0,
1990,M02,February,383.3,[{}],CUUR0000AA0,
1990,M03,March,385.5,[{}],CUUR0000AA0,
1990,M04,April,386.2,[{}],CUUR0000AA0,
1990,M05,May,386.9,[{}],CUUR0000AA0,
1990,M06,June,389.1,[{}],CUUR0000AA0,
1990,M07,July,390.7,[{}],CUUR0000AA0,
1990,M08,August,394.1,[{}],CUUR0000AA0,
1990,M09,September,397.5,[{}],CUUR0000AA0,
1990,M10,October,400.0,[{}],CUUR0000AA0,
1990,M11,November,400.7,[{}],CUUR0000AA0,
1990,M12,December,400.9,[{}],CUUR0000AA0,
1991,M01,January,403.1,[{}],CUUR0000AA0,
1991,M02,February,403.8,[{}],CUUR0000AA0,
1991,M03,March,404.3,[{}],CUUR0000AA0,
1991,M04,April,405.1,[{}],CUUR0000AA0,
1991,M05,May,406.3,[{}],CUUR0000AA0,
1991,M06,June,407.3,[{}],CUUR0000AA0,
1991,M07,July,408.0,[{}],CUUR0000AA0,
1991,M08,August,409.2,[{}],CUUR0000AA0,
1991,M09,September,411.1,[{}],CUUR0000AA0,
1991,M10,October,411.5,[{}],CUUR0000AA0,
1991,M11,November,412.7,[{}],CUUR0000AA0,
1991,M12,December,413.0,[{}],CUUR0000AA0,
1992,M01,January,413.8,[{}],CUUR0000AA0,
1992,M02,February,415.2,[{}],CUUR0000AA0,
1992,M03,March,417.2,[{}],CUUR0000AA0,
1992,M04,April,417.9,[{}],CUUR0000AA0,
1992,M05,May,418.6,[{}],CUUR0000AA0,
1992,M06,June,419.9,[{}],CUUR0000AA0,
1992,M07,July,420.8,[{}],CUUR0000AA0,
1992,M08,August,422.0,[{}],CUUR0000AA0,
1992,M09,September,423.2,[{}],CUUR0000AA0,
1992,M10,October,424.7,[{}],CUUR0000AA0,
1992,M11,November,425.3,[{}],CUUR0000AA0,
1992,M12,December,425.2,[{}],CUUR0000AA0,
1993,M01,January,427.0,[{}],CUUR0000AA0,
1993,M02,February,428.7,[{}],CUUR0000AA0,
1993,M03,March,430.1,[{}],CUUR0000AA0,
1993,M04,April,431.2,[{}],CUUR0000AA0,
1993,M05,May,432.0,[{}],CUUR0000AA0,
1993,M06,June,432.4,[{}],CUUR0000AA0,
1993,M07,July,432.6,[{}],CUUR0000AA0,
1993,M08,August,433.9,[{}],CUUR0000AA0,
1993,M09,September,434.7,[{}],CUUR0000AA0,
1993,M10,October,436.4,[{}],CUUR0000AA0,
1993,M11,November,436.9,[{}],CUUR0000AA0,
1993,M12,December,436.8,[{}],CUUR0000AA0,
1994,M01,January,437.8,[{}],CUUR0000AA0,
1994,M02,February,439.3,[{}],CUUR0000AA0,
1994,M03,March,441.1,[{}],CUUR0000AA0,
1994,M04,April,441.4,[{}],CUUR0000AA0,
1994,M05,May,441.9,[{}],CUUR0000AA0,
1994,M06,June,443.3,[{}],CUUR0000AA0,
1994,M07,July,444.4,[{}],CUUR0000AA0,
1994,M08,August,446.4,[{}],CUUR0000AA0,
1994,M09,September,447.5,[{}],CUUR0000AA0,
1994,M10,October,448.0,[{}],CUUR0000AA0,
1994,M11,November,448.6,[{}],CUUR0000AA0,
1994,M12,December,448.4,[{}],CUUR0000AA0,
1995,M01,January,450.3,[{}],CUUR0000AA0,
1995,M02,February,452.0,[{}],CUUR0000AA0,
1995,M03,March,453.5,[{}],CUUR0000AA0,
1995,M04,April,455.0,[{}],CUUR0000AA0,
1995,M05,May,455.8,[{}],CUUR0000AA0,
1995,M06,June,456.7,[{}],CUUR0000AA0,
1995,M07,July,457.0,[{}],CUUR0000AA0,
1995,M08,August,458.0,[{}],CUUR0000AA0,
1995,M09,September,459.0,[{}],CUUR0000AA0,
1995,M10,October,460.3,[{}],CUUR0000AA0,
1995,M11,November,460.1,[{}],CUUR0000AA0,
1995,M12,December,459.9,[{}],CUUR0000AA0,
1996,M01,January,462.5,[{}],CUUR0000AA0,
1996,M02,February,464.2,[{}],CUUR0000AA0,
1996,M03,March,466.5,[{}],CUUR0000AA0,
1996,M04,April,468.2,[{}],CUUR0000AA0,
1996,M05,May,469.0,[{}],CUUR0000AA0,
1996,M06,June,469.5,[{}],CUUR0000AA0,
1996,M07,July,470.4,[{}],CUUR0000AA0,
1996,M08,August,471.1,[{}],CUUR0000AA0,
1996,M09,September,472.7,[{}],CUUR0000AA0,
1996,M10,October,474.1,[{}],CUUR0000AA0,
1996,M11,November,475.0,[{}],CUUR0000AA0,
1996,M12,December,475.0,[{}],CUUR0000AA0,
1997,M01,January,476.7,[{}],CUUR0000AA0,
1997,M02,February,478.2,[{}],CUUR0000AA0,
1997,M03,March,479.3,[{}],CUUR0000AA0,
1997,M04,April,479.7,[{}],CUUR0000AA0,
1997,M05,May,479.6,[{}],CUUR0000AA0,
1997,M06,June,480.2,[{}],CUUR0000AA0,
1997,M07,July,480.7,[{}],CUUR0000AA0,
1997,M08,August,481.6,[{}],CUUR0000AA0,
1997,M09,September,483.0,[{}],CUUR0000AA0,
1997,M10,October,484.1,[{}],CUUR0000AA0,
1997,M11,November,483.9,[{}],CUUR0000AA0,
1997,M12,December,483.2,[{}],CUUR0000AA0,
1998,M01,January,484.2,[{}],CUUR0000AA0,
1998,M02,February,484.9,[{}],CUUR0000AA0,
1998,M03,March,485.8,[{}],CUUR0000AA0,
1998,M04,April,486.8,[{}],CUUR0000AA0,
1998,M05,May,487.7,[{}],CUUR0000AA0,
1998,M06,June,488.2,[{}],CUUR0000AA0,
1998,M07,July,488.8,[{}],CUUR0000AA0,
1998,M08,August,489.6,[{}],CUUR0000AA0,
1998,M09,September,490.1,[{}],CUUR0000AA0,
1998,M10,October,491.3,[{}],CUUR0000AA0,
1998,M11,November,491.3,[{}],CUUR0000AA0,
1998,M12,December,491.0,[{}],CUUR0000AA0,
1999,M01,January,492.3,[{}],CUUR0000AA0,
1999,M02,February,492.9,[{}],CUUR0000AA0,
1999,M03,March,494.4,[{}],CUUR0000AA0,
1999,M04,April,497.8,[{}],CUUR0000AA0,
1999,M05,May,497.7,[{}],CUUR0000AA0,
1999,M06,June,497.9,[{}],CUUR0000AA0,
1999,M07,July,499.2,[{}],CUUR0000AA0,
1999,M08,August,500.7,[{}],CUUR0000AA0,
1999,M09,September,502.9,[{}],CUUR0000AA0,
1999,M10,October,503.9,[{}],CUUR0000AA0,
1999,M11,November,504.1,[{}],CUUR0000AA0,
1999,M12,December,504.1,[{}],CUUR0000AA0,
2000,M01,January,505.8,[{}],CUUR0000AA0,
2000,M02,February,508.7,[{}],CUUR0000AA0,
2000,M03,March,512.8,[{}],CUUR0000AA0,
2000,M04,April,513.2,[{}],CUUR0000AA0,
2000,M05,May,513.6,[{}],CUUR0000AA0,
2000,M06,June,516.5,[{}],CUUR0000AA0,
2000,M07,July,517.5,[{}],CUUR0000AA0,
2000,M08,August,517.6,[{}],CUUR0000AA0,
2000,M09,September,520.3,[{}],CUUR0000AA0,
2000,M10,October,521.2,[{}],CUUR0000AA0,
2000,M11,November,521.5,[{}],CUUR0000AA0,
2000,M12,December,521.1,[{}],CUUR0000AA0,
2001,M01,January,524.5,[{}],CUUR0000AA0,
2001,M02,February,526.7,[{}],CUUR0000AA0,
2001,M03,March,528.0,[{}],CUUR0000AA0,
2001,M04,April,529.9,[{}],CUUR0000AA0,
2001,M05,May,532.2,[{}],CUUR0000AA0,
2001,M06,June,533.3,[{}],CUUR0000AA0,
2001,M07,July,531.6,[{}],CUUR0000AA0,
2001,M08,August,531.8,[{}],CUUR0000AA0,
2001,M09,September,534.0,[{}],CUUR0000AA0,
2001,M10,October,532.2,[{}],CUUR0000AA0,
2001,M11,November,531.3,[{}],CUUR0000AA0,
2001,M12,December,529.2,[{}],CUUR0000AA0,
2002,M01,January,530.6,[{}],CUUR0000AA0,
2002,M02,February,532.7,[{}],CUUR0000AA0,
2002,M03,March,535.5,[{}],CUUR0000AA0,
2002,M04,April,538.6,[{}],CUUR0000AA0,
2002,M05,May,538.5,[{}],CUUR0000AA0,
2002,M06,June,538.9,[{}],CUUR0000AA0,
2002,M07,July,539.5,[{}],CUUR0000AA0,
2002,M08,August,541.2,[{}],CUUR0000AA0,
2002,M09,September,542.1,[{}],CUUR0000AA0,
2002,M10,October,543.2,[{}],CUUR0000AA0,
2002,M11,November,543.1,[{}],CUUR0000AA0,
2002,M12,December,541.9,[{}],CUUR0000AA0,
2003,M01,January,544.2,[{}],CUUR0000AA0,
2003,M02,February,548.5,[{}],CUUR0000AA0,
2003,M03,March,551.8,[{}],CUUR0000AA0,
2003,M04,April,550.5,[{}],CUUR0000AA0,
2003,M05,May,549.7,[{}],CUUR0000AA0,
2003,M06,June,550.4,[{}],CUUR0000AA0,
2003,M07,July,550.9,[{}],CUUR0000AA0,
2003,M08,August,553.0,[{}],CUUR0000AA0,
2003,M09,September,554.7,[{}],CUUR0000AA0,
2003,M10,October,554.3,[{}],CUUR0000AA0,
2003,M11,November,552.7,[{}],CUUR0000AA0,
2003,M12,December,552.1,[{}],CUUR0000AA0,
2004,M01,January,554.9,[{}],CUUR0000AA0,
2004,M02,February,557.9,[{}],CUUR0000AA0,
2004,M03,March,561.5,[{}],CUUR0000AA0,
2004,M04,April,563.2,[{}],CUUR0000AA0,
2004,M05,May,566.4,[{}],CUUR0000AA0,
2004,M06,June,568.2,[{}],CUUR0000AA0,
2004,M07,July,567.5,[{}],CUUR0000AA0,
2004,M08,August,567.6,[{}],CUUR0000AA0,
2004,M09,September,568.7,[{}],CUUR0000AA0,
2004,M10,October,571.9,[{}],CUUR0000AA0,
2004,M11,November,572.2,[{}],CUUR0000AA0,
2004,M12,December,570.1,[{}],CUUR0000AA0,
2005,M01,January,571.2,[{}],CUUR0000AA0,
2005,M02,February,574.5,[{}],CUUR0000AA0,
2005,M03,March,579.0,[{}],CUUR0000AA0,
2005,M04,April,582.9,[{}],CUUR0000AA0,
2005,M05,May,582.4,[{}],CUUR0000AA0,
2005,M06,June,582.6,[{}],CUUR0000AA0,
2005,M07,July,585.2,[{}],CUUR0000AA0,
2005,M08,August,588.2,[{}],CUUR0000AA0,
2005,M09,September,595.4,[{}],CUUR0000AA0,
2005,M10,October,596.7,[{}],CUUR0000AA0,
2005,M11,November,592.0,[{}],CUUR0000AA0,
2005,M12,December,589.4,[{}],CUUR0000AA0,
2006,M01,January,593.9,[{}],CUUR0000AA0,
2006,M02,February,595.2,[{}],CUUR0000AA0,
2006,M03,March,598.6,[{}],CUUR0000AA0,
2006,M04,April,603.5,[{}],CUUR0000AA0,
2006,M05,May,606.5,[{}],CUUR0000AA0,
2006,M06,June,607.8,[{}],CUUR0000AA0,
2006,M07,July,609.6,[{}],CUUR0000AA0,
2006,M08,August,610.9,[{}],CUUR0000AA0,
2006,M09,September,607.9,[{}],CUUR0000AA0,
2006,M10,October,604.6,[{}],CUUR0000AA0,
2006,M11,November,603.6,[{}],CUUR0000AA0,
2006,M12,December,604.5,[{}],CUUR0000AA0,
2007,M01,January,606.348,[{}],CUUR0000AA0,
2007,M02,February,609.594,[{}],CUUR0000AA0,
2007,M03,March,615.145,[{}],CUUR0000AA0,
2007,M04,April,619.14,[{}],CUUR0000AA0,
2007,M05,May,622.921,[{}],CUUR0000AA0,
2007,M06,June,624.129,[{}],CUUR0000AA0,
2007,M07,July,623.97,[{}],CUUR0000AA0,
2007,M08,August,622.827,[{}],CUUR0000AA0,
2007,M09,September,624.543,[{}],CUUR0000AA0,
2007,M10,October,625.879,[{}],CUUR0000AA0,
2007,M11,November,629.598,[{}],CUUR0000AA0,
2007,M12,December,629.174,[{}],CUUR0000AA0,
2008,M01,January,632.301,[{}],CUUR0000AA0,
2008,M02,February,634.139,[{}],CUUR0000AA0,
2008,M03,March,639.636,[{}],CUUR0000AA0,
2008,M04,April,643.515,[{}],CUUR0000AA0,
2008,M05,May,648.933,[{}],CUUR0000AA0,
2008,M06,June,655.474,[{}],CUUR0000AA0,
2008,M07,July,658.915,[{}],CUUR0000AA0,
2008,M08,August,656.284,[{}],CUUR0000AA0,
2008,M09,September,655.376,[{}],CUUR0000AA0,
2008,M10,October,648.758,[{}],CUUR0000AA0,
2008,M11,November,636.332,[{}],CUUR0000AA0,
2008,M12,December,629.751,[{}],CUUR0000AA0,
2009,M01,January,632.491,[{}],CUUR0000AA0,
2009,M02,February,635.637,[{}],CUUR0000AA0,
2009,M03,March,637.182,[{}],CUUR0000AA0,
2009,M04,April,638.771,[{}],CUUR0000AA0,
2009,M05,May,640.616,[{}],CUUR0000AA0,
2009,M06,June,646.121,[{}],CUUR0000AA0,
2009,M07,July,645.096,[{}],CUUR0000AA0,
2009,M08,August,646.544,[{}],CUUR0000AA0,
2009,M09,September,646.948,[{}],CUUR0000AA0,
2009,M10,October,647.57,[{}],CUUR0000AA0,
2009,M11,November,648.028,[{}],CUUR0000AA0,
2009,M12,December,646.887,[{}],CUUR0000AA0,
2010,M01,January,649.098,[{}],CUUR0000AA0,
2010,M02,February,649.259,[{}],CUUR0000AA0,
2010,M03,March,651.925,[{}],CUUR0000AA0,
2010,M04,April,653.059,[{}],CUUR0000AA0,
2010,M05,May,653.564,[{}],CUUR0000AA0,
2010,M06,June,652.926,[{}],CUUR0000AA0,
2010,M07,July,653.066,[{}],CUUR0000AA0,
2010,M08,August,653.966,[{}],CUUR0000AA0,
2010,M09,September,654.346,[{}],CUUR0000AA0,
2010,M10,October,655.162,[{}],CUUR0000AA0,
2010,M11,November,655.438,[{}],CUUR0000AA0,
2010,M12,December,656.563,[{}],CUUR0000AA0,
2011,M01,January,659.692,[{}],CUUR0000AA0,
2011,M02,February,662.943,[{}],CUUR0000AA0,
2011,M03,March,669.409,[{}],CUUR0000AA0,
2011,M04,April,673.717,[{}],CUUR0000AA0,
2011,M05,May,676.887,[{}],CUUR0000AA0,
2011,M06,June,676.162,[{}],CUUR0000AA0,
2011,M07,July,676.762,[{}],CUUR0000AA0,
2011,M08,August,678.628,[{}],CUUR0000AA0,
2011,M09,September,679.658,[{}],CUUR0000AA0,
2011,M10,October,678.258,[{}],CUUR0000AA0,
2011,M11,November,677.684,[{}],CUUR0000AA0,
2011,M12,December,676.014,[{}],CUUR0000AA0,
2012,M01,January,678.988,[{}],CUUR0000AA0,
2012,M02,February,681.977,[{}],CUUR0000AA0,
2012,M03,March,687.157,[{}],CUUR0000AA0,
2012,M04,April,689.232,[{}],CUUR0000AA0,
2012,M05,May,688.423,[{}],CUUR0000AA0,
2012,M06,June,687.415,[{}],CUUR0000AA0,
2012,M07,July,686.294,[{}],CUUR0000AA0,
2012,M08,August,690.113,[{}],CUUR0000AA0,
2012,M09,September,693.192,[{}],CUUR0000AA0,
2012,M10,October,692.923,[{}],CUUR0000AA0,
2012,M11,November,689.639,[{}],CUUR0000AA0,
2012,M12,December,687.782,[{}],CUUR0000AA0,
2013,M01,January,689.818,[{}],CUUR0000AA0,
2013,M02,February,695.467,[{}],CUUR0000AA0,
2013,M03,March,697.284,[{}],CUUR0000AA0,
2013,M04,April,696.561,[{}],CUUR0000AA0,
2013,M05,May,697.798,[{}],CUUR0000AA0,
2013,M06,June,699.473,[{}],CUUR0000AA0,
2013,M07,July,699.751,[{}],CUUR0000AA0,
2013,M08,August,700.593,[{}],CUUR0000AA0,
2013,M09,September,701.406,[{}],CUUR0000AA0,
2013,M10,October,699.601,[{}],CUUR0000AA0,
2013,M11,November,698.171,[{}],CUUR0000AA0,
2013,M12,December,698.11,[{}],CUUR0000AA0,
2014,M01,January,700.71,[{}],CUUR0000AA0,
2014,M02,February,703.3,[{}],CUUR0000AA0,
2014,M03,March,707.83,[{}],CUUR0000AA0,
2014,M04,April,710.162,[{}],CUUR0000AA0,
2014,M05,May,712.642,[{}],CUUR0000AA0,
2014,M06,June,713.97,[{}],CUUR0000AA0,
2014,M07,July,713.691,[{}],CUUR0000AA0,
2014,M08,August,712.498,[{}],CUUR0000AA0,
2014,M09,September,713.035,[{}],CUUR0000AA0,
2014,M10,October,711.243,[{}],CUUR0000AA0,
2014,M11,November,707.402,[{}],CUUR0000AA0,
2014,M12,December,703.393,[{}],CUUR0000AA0,
2015,M01,January,700.083,[{}],CUUR0000AA0,
2015,M02,February,703.122,[{}],CUUR0000AA0,
2015,M03,March,707.306,[{}],CUUR0000AA0,
2015,M04,April,708.746,[{}],CUUR0000AA0,
2015,M05,May,712.357,[{}],CUUR0000AA0,
2015,M06,June,714.855,[{}],CUUR0000AA0,
2015,M07,July,714.902,[{}],CUUR0000AA0,
2015,M08,August,713.89,[{}],CUUR0000AA0,
2015,M09,September,712.777,[{}],CUUR0000AA0,
2015,M10,October,712.458,[{}],CUUR0000AA0,
2015,M11,November,710.952,[{}],CUUR0000AA0,
2015,M12,December,708.524,[{}],CUUR0000AA0,
2016,M01,January,709.695,[{}],CUUR0000AA0,
2016,M02,February,710.278,[{}],CUUR0000AA0,
2016,M03,March,713.339,[{}],CUUR0000AA0,
2016,M04,April,716.719,[{}],CUUR0000AA0,
2016,M05,May,719.619,[{}],CUUR0000AA0,
2016,M06,June,721.982,[{}],CUUR0000AA0,
2016,M07,July,720.816,[{}],CUUR0000AA0,
2016,M08,August,721.476,[{}],CUUR0000AA0,
2016,M09,September,723.21,[{}],CUUR0000AA0,
2016,M10,October,724.113,[{}],CUUR0000AA0,
2016,M11,November,722.986,[{}],CUUR0000AA0,
2016,M12,December,723.224,[{}],CUUR0000AA0,
2017,M01,January,727.439,[{}],CUUR0000AA0,
2017,M02,February,729.727,[{}],CUUR0000AA0,
2017,M03,March,730.32,[{}],CUUR0000AA0,
2017,M04,April,732.486,[{}],CUUR0000AA0,
2017,M05,May,733.11,[{}],CUUR0000AA0,
2017,M06,June,733.775,[{}],CUUR0000AA0,
2017,M07,July,733.269,[{}],CUUR0000AA0,
2017,M08,August,735.466,[{}],CUUR0000AA0,
2017,M09,September,739.359,[{}],CUUR0000AA0,
2017,M10,October,738.893,[{}],CUUR0000AA0,
2017,M11,November,738.912,[{}],CUUR0000AA0,
2017,M12,December,738.477,[{}],CUUR0000AA0,
2018,M01,January,742.499,[{}],CUUR0000AA0,
2018,M02,February,745.866,[{}],CUUR0000AA0,
2018,M03,March,747.554,[{}],CUUR0000AA0,
2018,M04,April,750.524,[{}],CUUR0000AA0,
2018,M05,May,753.647,[{}],CUUR0000AA0,
2018,M06,June,754.848,[{}],CUUR0000AA0,
2018,M07,July,754.898,[{}],CUUR0000AA0,
2018,M08,August,755.317,[{}],CUUR0000AA0,
2018,M09,September,756.194,[{}],CUUR0000AA0,
2018,M10,October,757.532,[{}],CUUR0000AA0,
2018,M11,November,754.992,[{}],CUUR0000AA0,
2018,M12,December,752.584,[{}],CUUR0000AA0,
2019,M01,January,754.017,[{}],CUUR0000AA0,
2019,M02,February,757.204,[{}],CUUR0000AA0,
2019,M03,March,761.477,[{}],CUUR0000AA0,
2019,M04,April,765.507,[{}],CUUR0000AA0,
2019,M05,May,767.138,[{}],CUUR0000AA0,
2019,M06,June,767.291,[{}],CUUR0000AA0,
2019,M07,July,768.571,[{}],CUUR0000AA0,
2019,M08,August,768.533,[{}],CUUR0000AA0,
2019,M09,September,769.136,[{}],CUUR0000AA0,
2019,M10,October,770.895,[{}],CUUR0000AA0,
2019,M11,November,770.482,[{}],CUUR0000AA0,
2019,M12,December,769.781,[{}],CUUR0000AA0,
2020,M01,January,772.768,[{}],CUUR0000AA0,
2020,M02,February,774.886,[{}],CUUR0000AA0,
2020,M03,March,773.199,[{}],CUUR0000AA0,
2020,M04,April,768.029,[{}],CUUR0000AA0,
2020,M05,May,768.044,[{}],CUUR0000AA0,
2020,M06,June,772.245,[{}],CUUR0000AA0,
2020,M07,July,776.152,[{}],CUUR0000AA0,
2020,M08,August,778.599,[{}],CUUR0000AA0,
2020,M09,September,779.684,[{}],CUUR0000AA0,
2020,M10,October,780.008,[{}],CUUR0000AA0,
2020,M11,November,779.531,[{}],CUUR0000AA0,
2020,M12,December,780.263,[{}],CUUR0000AA0,
2021,M01,January,783.584,[{}],CUUR0000AA0,
2021,M02,February,787.872,[{}],CUUR0000AA0,
2021,M03,March,793.455,[{}],CUUR0000AA0,
2021,M04,April,799.975,[{}],CUUR0000AA0,
2021,M05,May,806.387,[{}],CUUR0000AA0,
2021,M06,June,813.879,[{}],CUUR0000AA0,
2021,M07,July,817.796,[{}],CUUR0000AA0,
2021,M08,August,819.485,[{}],CUUR0000AA0,
2021,M09,September,821.71,[{}],CUUR0000AA0,
2021,M10,October,828.538,[{}],CUUR0000AA0,
2021,M11,November,832.609,[{}],CUUR0000AA0,
2021,M12,December,835.168,[{}],CUUR0000AA0,
2022,M01,January,842.196,[{}],CUUR0000AA0,
2022,M02,February,849.887,[{}],CUUR0000AA0,
2022,M03,March,861.235,[{}],CUUR0000AA0,
2022,M04,April,866.042,[{}],CUUR0000AA0,
2022,M05,May,875.589,[{}],CUUR0000AA0,
2022,M06,June,887.615,[{}],CUUR0000AA0,
2022,M07,July,887.511,[{}],CUUR0000AA0,
2022,M08,August,887.197,[{}],CUUR0000AA0,
2022,M09,September,889.104,[{}],CUUR0000AA0,
2022,M10,October,892.711,[{}],CUUR0000AA0,
2022,M11,November,891.809,[{}],CUUR0000AA0,
2022,M12,December,889.073,[{}],CUUR0000AA0,
2023,M01,January,896.182,[{}],CUUR0000AA0,
2023,M02,February,901.182,[{}],CUUR0000AA0,
2023,M03,March,904.167,[{}],CUUR0000AA0,
2023,M04,April,908.742,[{}],CUUR0000AA0,
2023,M05,May,911.031,[{}],CUUR0000AA0,
2023,M06,June,913.97,[{}],CUUR0000AA0,
2023,M07,July,915.714,[{}],CUUR0000AA0,
2023,M08,August,919.713,[{}],CUUR0000AA0,
2023,M09,September,921.999,[{}],CUUR0000AA0,
2023,M10,October,921.645,[{}],CUUR0000AA0,
2023,M11,November,919.789,[{}],CUUR0000AA0,
2023,M12,December,918.875,[{}],CUUR0000AA0,
2024,M01,January,923.881,[{}],CUUR0000AA0,
2024,M02,February,929.598,[{}],CUUR0000AA0,
2024,M03,March,935.609,[{}],CUUR0000AA0,
2024,M04,April,939.251,[{}],CUUR0000AA0,
2024,M05,May,940.811,[{}],CUUR0000AA0,
2024,M06,June,941.129,[{}],CUUR0000AA0,
2024,M07,July,942.221,[{}],CUUR0000AA0,
2024,M08,August,942.988,[{}],CUUR0000AA0,
2024,M09,September,944.502,[{}],CUUR0000AA0,
2024,M10,October,945.589,[{}],CUUR0000AA0,True
2020,M01,January,772.768,[{}],CUUR0000AA0,
2020,M02,February,774.886,[{}],CUUR0000AA0,
2020,M03,March,773.199,[{}],CUUR0000AA0,
2020,M04,April,768.029,[{}],CUUR0000AA0,
2020,M05,May,768.044,[{}],CUUR0000AA0,
2020,M06,June,772.245,[{}],CUUR0000AA0,
2020,M07,July,776.152,[{}],CUUR0000AA0,
2020,M08,August,778.599,[{}],CUUR0000AA0,
2020,M09,September,779.684,[{}],CUUR0000AA0,
2020,M10,October,780.008,[{}],CUUR0000AA0,
2020,M11,November,779.531,[{}],CUUR0000AA0,
2020,M12,December,780.263,[{}],CUUR0000AA0,
2021,M01,January,783.584,[{}],CUUR0000AA0,
2021,M02,February,787.872,[{}],CUUR0000AA0,
2021,M03,March,793.455,[{}],CUUR0000AA0,
2021,M04,April,799.975,[{}],CUUR0000AA0,
2021,M05,May,806.387,[{}],CUUR0000AA0,
2021,M06,June,813.879,[{}],CUUR0000AA0,
2021,M07,July,817.796,[{}],CUUR0000AA0,
2021,M08,August,819.485,[{}],CUUR0000AA0,
2021,M09,September,821.710,[{}],CUUR0000AA0,
2021,M10,October,828.538,[{}],CUUR0000AA0,
2021,M11,November,832.609,[{}],CUUR0000AA0,
2021,M12,December,835.168,[{}],CUUR0000AA0,
2022,M01,January,842.196,[{}],CUUR0000AA0,
2022,M02,February,849.887,[{}],CUUR0000AA0,
2022,M03,March,861.235,[{}],CUUR0000AA0,
2022,M04,April,866.042,[{}],CUUR0000AA0,
2022,M05,May,875.589,[{}],CUUR0000AA0,
2022,M06,June,887.615,[{}],CUUR0000AA0,
2022,M07,July,887.511,[{}],CUUR0000AA0,
2022,M08,August,887.197,[{}],CUUR0000AA0,
2022,M09,September,889.104,[{}],CUUR0000AA0,
2022,M10,October,892.711,[{}],CUUR0000AA0,
2022,M11,November,891.809,[{}],CUUR0000AA0,
2022,M12,December,889.073,[{}],CUUR0000AA0,
2023,M01,January,896.182,[{}],CUUR0000AA0,
2023,M02,February,901.182,[{}],CUUR0000AA0,
2023,M03,March,904.167,[{}],CUUR0000AA0,
2023,M04,April,908.742,[{}],CUUR0000AA0,
2023,M05,May,911.031,[{}],CUUR0000AA0,
2023,M06,June,913.970,[{}],CUUR0000AA0,
2023,M07,July,915.714,[{}],CUUR0000AA0,
2023,M08,August,919.713,[{}],CUUR0000AA0,
2023,M09,September,921.999,[{}],CUUR0000AA0,
2023,M10,October,921.645,[{}],CUUR0000AA0,
2023,M11,November,919.789,[{}],CUUR0000AA0,
2023,M12,December,918.875,[{}],CUUR0000AA0,
2024,M01,January,923.881,[{}],CUUR0000AA0,
2024,M02,February,929.598,[{}],CUUR0000AA0,
2024,M03,March,935.609,[{}],CUUR0000AA0,
2024,M04,April,939.251,[{}],CUUR0000AA0,
2024,M05,May,940.811,[{}],CUUR0000AA0,
2024,M06,June,941.129,[{}],CUUR0000AA0,
2024,M07,July,942.221,[{}],CUUR0000AA0,
2024,M08,August,942.988,[{}],CUUR0000AA0,
2024,M09,September,944.502,[{}],CUUR0000AA0,
2024,M10,October,945.589,[{}],CUUR0000AA0,true
